{
    "status": "running",
    "results": [
        {
            "file": "generated/3853_163249_000068_000000.wav ../../LibriTTS_v4_16k/3853_163249_000068_000000.wav",
            "Mcd": 3.380425143588049,
            "Pesq": 1.1691772937774658,
            "Stoi": 0.3662276498159339,
            "Estoi": 0.23469464736028978,
            "Mos": {
                "ovrl_mos": 3.2375709277440614,
                "sig_mos": 3.5759977806838115,
                "bak_mos": 3.9473810026959804,
                "p808_mos": 3.4481256008148193
            }
        },
        {
            "file": "generated/3170_137482_000025_000001.wav ../../LibriTTS_v4_16k/3170_137482_000025_000001.wav",
            "Mcd": 4.880896520008999,
            "Pesq": 1.5830652713775635,
            "Stoi": 0.3639913246332528,
            "Estoi": 0.20190944872512817,
            "Mos": {
                "ovrl_mos": 3.501917854728344,
                "sig_mos": 3.725084883289318,
                "bak_mos": 4.237185844037177,
                "p808_mos": 4.079529762268066
            }
        }
    ]
}