{
    "status": "running",
    "progress": 0,
    "results": [
        {
            "file": "generated/7976_110124_000014_000001.wav ../../LibriTTS_v4_16k/7976_110124_000014_000001.wav",
            "Mcd": 3.1749029582429187,
            "Pesq": 1.2809324264526367,
            "Stoi": 0.437663327952583,
            "Estoi": 0.291398961575878,
            "Mos": {
                "ovrl_mos": 3.4968328527372976,
                "sig_mos": 3.737276983132567,
                "bak_mos": 4.174326449496523,
                "p808_mos": 4.176340579986572
            }
        }
    ]
}